,SNID,norm_MJD,1stDet,MJD,parsnip_type,BAND_r,BAND_i,BAND_g,days_since,r-i,g-r,cluster
3999,b'1604779',59229,59222.246,59229.23,0,15.18770694732666,15.375360488891602,15.19935131072998,6.984000000004016,-0.1876535415649414,0.011644363403320312,1
14212,b'3018107',59162,59158.43,59162.46,0,17.052505493164062,17.148941040039062,17.20110511779785,4.029999999998836,-0.096435546875,0.14859962463378906,1
2275,b'1350238',59170,59157.46,59170.39,0,14.181631088256836,14.511550903320312,14.051786422729492,12.930000000000291,-0.32991981506347656,-0.12984466552734375,1
4679,b'1716548',59313,59304.156,59313.3362,0,16.567779541015625,17.23908805847168,16.630783081054688,9.180199999995239,-0.6713085174560547,0.0630035400390625,1
22678,b'4303989',59322,59309.26,59322.4,0,18.249027252197266,18.69959259033203,18.17437171936035,13.139999999999418,-0.4505653381347656,-0.07465553283691406,1
23194,b'4361059',59191,59190.39,59191.3925,0,18.81838607788086,18.632797241210938,18.44220542907715,1.0025000000023283,0.18558883666992188,-0.37618064880371094,2
84,b'1005589',58975,58962.34,58975.42,0,19.66942977905273,20.24310111999512,20.348237991333008,13.080000000001746,-0.5736713409423899,0.678808212280277,0
9524,b'2388188',59144,59131.5,59144.4074,0,14.357538223266602,14.650262832641602,14.329191207885742,12.907399999996414,-0.292724609375,-0.028347015380859375,1
28020,b'5034852',59347,59343.25,59347.26,0,18.469112396240234,18.54867172241211,19.034969329833984,4.010000000002037,-0.079559326171875,0.56585693359375,0
8925,b'2306464',59140,59127.387,59140.35716666668,0,14.14218521118164,14.511751174926758,14.15083122253418,12.970166666680598,-0.3695659637451172,0.008646011352539062,1
8637,b'2271173',59027,59014.203,59027.27,0,18.665515899658203,18.96954345703125,18.954593658447266,13.06699999999546,-0.3040275573730469,0.2890777587890625,1
14895,b'3130818',59317,59305.29,59317.230200000005,0,14.568065643310549,15.097489356994627,14.683820724487305,11.940200000004552,-0.5294237136840785,0.11575508117675604,1
7112,b'2043444',59318,59311.18,59318.2475,0,14.74306869506836,15.027473449707031,14.671319961547852,7.067499999997381,-0.2844047546386719,-0.07174873352050781,1
20977,b'4060270',59142,59127.387,59142.3412,0,15.01499366760254,15.240010261535645,15.779075622558594,14.954200000000128,-0.2250165939331037,0.7640819549560529,0
28071,b'5041818',59163,59154.223,59163.37,0,14.417722702026367,14.743857383728027,14.356456756591797,9.147000000004482,-0.32613468170166016,-0.06126594543457031,1
29398,b'65790',59313,59307.164,59313.3362,0,14.80095100402832,15.011013984680176,14.931432723999023,6.172200000000885,-0.21006298065185547,0.13048171997070312,1
14384,b'3042932',58937,58933.53,58937.5252,0,19.68427276611328,19.87876892089844,19.80532455444336,3.995199999997567,-0.1944961547851598,0.12105178833007812,1
26812,b'4890549',59324,59324.184,59324.232833333335,0,19.61048698425293,19.717634201049805,19.63878059387207,0.048833333334187046,-0.107147216796875,0.028293609619140625,1
22769,b'4315256',59170,59160.44,59170.39,0,14.559741020202637,14.835391998291016,14.51261043548584,9.94999999999709,-0.2756509780883789,-0.047130584716796875,1
181,b'1027301',59291,59291.41,59291.41,0,21.03829002380371,21.317161560058597,20.532451629638672,0.0,-0.27887153625488637,-0.5058383941650391,1
10907,b'2584499',59372,59366.27,59372.265,0,15.892950057983398,16.088123321533203,16.027124404907227,5.995000000002619,-0.1951732635498047,0.13417434692382812,1
13206,b'2852770',59317,59305.29,59317.230200000005,0,13.978483200073242,14.665889739990234,13.950672149658203,11.940200000004552,-0.6874065399169922,-0.027811050415039062,1
20988,b'4060706',59163,59160.44,59163.37,0,16.39813232421875,16.637775421142578,16.369155883789062,2.930000000000291,-0.23964309692382812,-0.0289764404296875,1
1182,b'1175861',59345,59342.26,59345.23366666667,0,18.30109024047852,18.375019073486328,18.593351364135746,2.97366666666494,-0.07392883300780895,0.29226112365722656,1
20994,b'4060706',59172,59160.44,59172.39,0,14.139955520629885,14.508667945861816,14.083956718444824,11.94999999999709,-0.3687124252319318,-0.05599880218506037,1
31787,b'998156',59192,59186.26,59192.37,0,16.164569854736328,16.37152099609375,16.264799118041992,6.110000000000582,-0.20695114135742188,0.10022926330566406,1
2490,b'1382129',59222,59216.113,59222.257000000005,0,15.13659954071045,15.439282417297363,15.04286003112793,6.144000000007509,-0.30268287658691406,-0.09373950958251953,1
29170,b'634196',59344,59331.293,59344.27,0,14.263802528381348,14.60091781616211,14.352521896362305,12.976999999998952,-0.3371152877807617,0.08871936798095703,1
9683,b'2405957',59136,59127.387,59136.41966666666,0,13.86432647705078,14.605369567871094,13.820590019226074,9.03266666665877,-0.7410430908203143,-0.043736457824705255,1
21239,b'4091395',59333,59331.29,59333.32,0,16.98940658569336,17.123554229736328,16.9647159576416,2.029999999998836,-0.13414764404296875,-0.024690628051757812,1
6823,b'2002491',59221,59215.49,59221.56716666667,0,18.7269229888916,19.01573944091797,18.649436950683597,6.077166666669655,-0.2888164520263672,-0.07748603820800426,1
20987,b'4060706',59162,59160.44,59162.46,0,17.005319595336914,17.162221908569336,16.93248748779297,2.0199999999967986,-0.15690231323242188,-0.07283210754394531,1
8898,b'2301499',59027,59014.203,59027.27,0,19.745685577392575,19.86596298217773,20.560935974121094,13.06699999999546,-0.12027740478515625,0.8152503967285192,0
7111,b'2043444',59317,59311.18,59317.230200000005,0,14.978819847106934,15.235153198242188,14.875246047973633,6.050200000005134,-0.2563333511352539,-0.10357379913330078,1
21954,b'4203248',59200,59186.19,59200.31,0,13.887113571166992,14.291014671325684,13.652547836303713,14.119999999995343,-0.4039011001586914,-0.23456573486327947,1
19392,b'3819692',59135,59127.387,59135.42,0,14.36811065673828,15.013991355895996,14.54533576965332,8.032999999995809,-0.6458806991577166,0.17722511291504084,1
29338,b'653585',58975,58968.297,58975.42,0,17.02374267578125,17.60137939453125,17.050403594970703,7.1229999999995925,-0.57763671875,0.026660919189453125,1
18797,b'375305',59184,59178.17,59184.244666666666,0,15.214052200317385,15.464648246765137,15.040079116821287,6.074666666667326,-0.25059604644775213,-0.1739730834960973,1
31066,b'877786',59221,59215.49,59221.56716666667,0,18.40436172485352,19.15062713623047,18.60470962524414,6.077166666669655,-0.7462654113769496,0.20034790039062145,1
22052,b'4215723',59148,59138.4,59148.53,0,14.572104454040527,14.83182144165039,14.491839408874512,10.12999999999738,-0.2597169876098633,-0.08026504516601562,1
31361,b'918882',59377,59365.27,59377.27,0,14.23866367340088,14.57551383972168,14.268827438354492,12.0,-0.336850166320799,0.030163764953611505,1
17321,b'3537423',59346,59332.3,59346.28,0,16.1645565032959,16.50899887084961,16.09976577758789,13.979999999995925,-0.34444236755371094,-0.06479072570800781,1
22082,b'4224521',59346,59335.41,59346.28,0,16.409095764160156,16.610301971435547,16.39222526550293,10.869999999995343,-0.20120620727539062,-0.016870498657226562,1
17830,b'3629154',59135,59127.387,59135.42,0,14.710685729980469,14.945796966552734,14.769617080688477,8.032999999995809,-0.23511123657226562,0.05893135070800781,1
12754,b'2788620',59345,59341.203,59345.2365,0,15.565801620483398,15.795941352844238,15.595503807067873,4.03349999999773,-0.23013973236083984,0.029702186584474433,1
8920,b'2306464',59134,59127.387,59134.10966666666,0,14.83464241027832,15.02915859222412,14.886359214782717,6.722666666661098,-0.194516181945799,0.05171680450439631,1
10593,b'2539256',59188,59174.26,59188.295000000006,0,14.025797843933104,14.429384231567385,13.93685245513916,14.035000000003492,-0.4035863876342809,-0.08894538879394354,1
1563,b'1243710',59158,59143.38,59158.3555,0,14.276086807250977,14.657893180847168,14.237014770507812,14.975500000000466,-0.3818063735961914,-0.03907203674316406,1
13853,b'2965933',59353,59350.19,59353.305,0,17.90192985534668,18.021713256835938,17.882068634033203,3.1149999999979627,-0.11978340148925781,-0.019861221313476562,1
10144,b'2468042',59139,59131.5,59139.38,0,15.074762344360352,15.40383243560791,15.034679412841797,7.879999999997381,-0.3290700912475586,-0.04008293151855469,1
15100,b'3163003',59226,59215.49,59226.63,0,18.13803100585937,18.442279815673828,18.064861297607425,11.139999999999418,-0.3042488098144567,-0.07316970825194602,1
3755,b'1575994',59321,59313.37,59321.25,0,14.939661026000977,15.16374397277832,14.910118103027344,7.879999999997381,-0.22408294677734375,-0.029542922973632812,1
16356,b'3389578',59404,59401.293,59404.29,0,21.18539047241211,20.96221923828125,20.987586975097656,2.997000000003027,0.22317123413085938,-0.19780349731445312,1
17643,b'3602622',59235,59235.47,59235.47,0,19.84845542907715,19.548484802246094,19.84334754943848,0.0,0.2999706268310547,-0.005107879638668322,1
11590,b'2665549',59338,59333.32,59338.27,0,16.857717514038086,16.940860748291016,17.210432052612305,4.94999999999709,-0.08314323425292969,0.35271453857421875,0
15291,b'3191957',59322,59318.24,59322.2564,0,16.83523178100586,16.924203872680664,16.920684814453125,4.016400000000431,-0.08897209167480469,0.08545303344726562,1
26627,b'4867724',59195,59193.324,59195.27033333333,0,19.387073516845703,18.859947204589844,18.91800117492676,1.946333333326038,0.5271263122558594,-0.46907234191894176,2
23446,b'4388528',58937,58933.53,58937.5252,0,19.82510757446289,19.763408660888672,19.667163848876957,3.995199999997567,0.06169891357421875,-0.15794372558593395,1
19560,b'3860934',59140,59131.5,59140.35716666668,0,15.564164161682127,15.729259490966797,15.858579635620115,8.857166666683042,-0.16509532928466975,0.2944154739379883,1
30781,b'829176',59350,59342.26,59350.347400000006,0,14.852420806884766,15.090723991394045,14.942469596862791,8.087400000003981,-0.23830318450927912,0.09004878997802557,1
14896,b'3130818',59318,59305.285,59318.2475,0,14.654374122619627,15.175189971923828,14.755212783813477,12.96249999999418,-0.520815849304201,0.10083866119384943,1
8495,b'2247783',59318,59305.285,59318.2475,0,14.628667831420898,15.352088928222656,14.572343826293944,12.96249999999418,-0.7234210968017578,-0.0563240051269549,1
2504,b'1387848',59230,59215.49,59230.1705,0,18.677082061767575,19.274642944335938,19.18683433532715,14.680500000002212,-0.5975608825683629,0.5097522735595739,0
7070,b'2035745',59322,59322.242,59322.2564,0,19.03710174560547,19.13090133666992,19.02217674255371,0.014400000000023283,-0.09379959106444957,-0.014925003051757812,1
4446,b'1686869',59147,59132.55,59147.48,0,14.565192222595217,14.803337097167969,14.597469329833984,14.930000000000291,-0.23814487457275213,0.032277107238767755,1
27892,b'5016159',59136,59127.387,59136.41966666666,0,14.74474811553955,15.413569450378418,14.923498153686523,9.03266666665877,-0.6688213348388672,0.17875003814697266,1
14965,b'3143654',59401,59401.21,59401.27025,0,20.335634231567383,20.59297180175781,20.28308868408203,0.0602500000022701,-0.25733757019042613,-0.05254554748535156,1
7361,b'2079674',59139,59127.387,59139.38,0,14.379772186279297,14.972983360290527,14.392887115478516,11.992999999994936,-0.5932111740112305,0.01311492919921875,1
1559,b'1243710',59147,59143.38,59147.48,0,16.72303009033203,16.887245178222656,16.780967712402344,4.100000000005821,-0.164215087890625,0.0579376220703125,1
7177,b'2050797',59243,59243.22,59243.2275,0,14.44576644897461,14.701889991760254,14.331750869750977,0.007499999999708962,-0.25612354278564453,-0.11401557922363281,1
3361,b'1524518',59345,59345.188,59345.23366666667,0,21.173507690429688,20.47242546081543,20.09208297729492,0.045666666665056255,0.7010822296142578,-1.0814247131347692,2
3006,b'1459525',59317,59307.164,59317.230200000005,0,13.907218933105469,14.252359390258787,13.843450546264648,10.066200000008394,-0.34514045715331854,-0.06376838684082031,1
20428,b'3971027',59228,59215.49,59228.662500000006,0,17.985605239868164,18.4422607421875,18.003742218017578,13.172500000007858,-0.45665550231933594,0.018136978149414062,1
27747,b'5000680',59228,59215.49,59228.662500000006,0,18.688648223876957,19.24381256103516,18.88644790649414,13.172500000007858,-0.5551643371582031,0.19779968261718395,1
2710,b'1422955',58980,58980.25,58980.25666666668,0,20.433656692504883,20.703338623046875,20.501277923583984,0.006666666682576761,-0.2696819305419922,0.06762123107910156,1
11793,b'2700068',59317,59307.164,59317.230200000005,0,14.279500961303713,14.612975120544434,14.259562492370604,10.066200000008394,-0.3334741592407209,-0.01993846893310902,1
30998,b'864398',59230,59215.49,59230.1705,0,17.954870223999023,18.5171012878418,17.97213363647461,14.680500000002212,-0.562231063842777,0.017263412475585938,1
21131,b'4075052',59131,59127.387,59131.4874,0,14.217490196228027,14.74311065673828,14.408873558044434,4.100399999995716,-0.5256204605102521,0.19138336181640625,1
31678,b'97621',59027,59014.203,59027.27,0,18.79613876342773,19.22625732421875,18.925912857055664,13.06699999999546,-0.4301185607910192,0.12977409362793324,1
668,b'1096406',59139,59127.387,59139.38,0,14.005224227905272,14.6476469039917,14.001346588134766,11.992999999994936,-0.6424226760864276,-0.003877639770506036,1
22527,b'4277318',59235,59225.47,59235.47,0,18.573226928710938,18.750965118408203,18.67417907714844,10.0,-0.17773818969726562,0.10095214843750355,1
27887,b'5016159',59129,59127.387,59129.43659999999,0,14.37761116027832,15.002422332763672,14.62998390197754,2.0495999999911874,-0.6248111724853516,0.2523727416992205,1
19617,b'3871513',58985,58980.25,58985.26,0,20.922283172607425,22.397470474243164,22.462867736816406,5.010000000002037,-1.4751873016357386,1.5405845642089808,3
12634,b'2777911',59230,59215.49,59230.1705,0,19.017230987548828,19.58401107788086,19.628063201904297,14.680500000002212,-0.5667800903320312,0.6108322143554688,0
7835,b'2158338',59315,59303.344,59315.23666666666,0,14.15673828125,14.564948081970217,14.050138473510742,11.892666666659352,-0.4082098007202166,-0.10659980773925781,1
7904,b'2171781',59142,59129.26,59142.3412,0,14.08531379699707,14.443572998046877,14.037690162658691,13.081200000000536,-0.35825920104980646,-0.047623634338378906,1
30488,b'804576',59377,59372.26,59377.27,0,16.147113800048828,16.354198455810547,16.165054321289062,5.009999999994761,-0.20708465576171875,0.017940521240234375,1
28534,b'548785',59131,59127.387,59131.4874,0,14.552144050598145,15.228914260864258,14.56600570678711,4.100399999995716,-0.6767702102661133,0.013861656188964844,1
22657,b'4299850',59136,59135.42,59136.41966666666,0,19.79642868041992,18.84481239318848,18.925865173339844,0.9996666666629608,0.9516162872314382,-0.8705635070800746,2
8497,b'2247783',59320,59305.29,59320.2476,0,14.706521034240724,15.37883758544922,14.7829008102417,14.957600000001548,-0.6723165512084961,0.07637977600097479,1
13528,b'2916154',59185,59183.39,59185.23,0,18.875,18.508678436279297,19.78603744506836,1.8400000000037835,0.3663215637207031,0.9110374450683594,0
2873,b'1442207',59337,59333.32,59337.27,0,16.718212127685547,16.83331871032715,17.009057998657227,3.9499999999970896,-0.11510658264160156,0.2908458709716797,1
8505,b'2248802',59198,59197.207,59198.3,0,17.67676544189453,17.93937110900879,17.514965057373047,1.0930000000007567,-0.2626056671142578,-0.16180038452148438,1
27684,b'4987096',59172,59164.53,59172.39,0,14.801836013793944,15.054264068603516,14.658750534057615,7.860000000000582,-0.2524280548095721,-0.14308547973632812,1
24778,b'4592244',59166,59158.2,59166.4,0,14.704093933105469,15.004382133483888,14.588542938232422,8.200000000004366,-0.30028820037841975,-0.11555099487304688,1
24447,b'453245',59167,59163.37,59167.37866666666,0,16.04510498046875,16.254920959472656,16.084461212158203,4.00866666665388,-0.20981597900390625,0.039356231689453125,1
17474,b'3556267',58975,58968.297,58975.42,0,17.787044525146484,18.021747589111328,17.8555908203125,7.1229999999995925,-0.23470306396484375,0.06854629516601562,1
6714,b'1978066',59199,59195.184,59199.278,0,16.19957160949707,16.436214447021484,16.20421600341797,4.0939999999973224,-0.23664283752441406,0.0046443939208984375,1
169,b'1027263',59324,59318.25,59324.232833333335,0,16.806806564331055,17.080350875854492,16.72580909729004,5.982833333335293,-0.2735443115234375,-0.08099746704101562,1
5377,b'183149',58975,58962.34,58975.42,0,19.256912231445312,19.57257843017578,19.47574806213379,13.080000000001746,-0.31566619873046875,0.21883583068847656,1
30190,b'748769',59374,59367.203,59374.2675,0,16.745086669921875,17.027992248535156,16.78461456298828,7.0645000000004075,-0.28290557861328125,0.03952789306640625,1
19356,b'3818015',59354,59342.26,59354.328,0,14.29998779296875,14.575275421142578,14.29167366027832,12.067999999999302,-0.2752876281738281,-0.008314132690429688,1
3473,b'1543053',59315,59309.188,59315.23666666666,0,14.774256706237791,15.07856559753418,14.686493873596191,6.0486666666547535,-0.3043088912963885,-0.08776283264159979,1
13053,b'2829025',59404,59401.293,59404.29,0,21.086462020874023,20.71607208251953,20.889068603515625,2.997000000003027,0.3703899383544922,-0.19739341735839844,2
9680,b'2405957',59132,59127.387,59132.55,0,13.919841766357422,14.518316268920898,13.82291316986084,5.163000000000466,-0.5984745025634766,-0.09692859649658203,1
7185,b'2051350',59317,59304.156,59317.230200000005,0,17.123626708984375,17.28859519958496,18.087535858154297,13.074200000002747,-0.16496849060058594,0.9639091491699219,0
8494,b'2247783',59317,59305.29,59317.230200000005,0,14.534607887268066,15.287574768066406,14.471281051635742,11.940200000004552,-0.7529668807983398,-0.06332683563232422,1
27843,b'5010866',59156,59145.367,59156.4456,0,15.486146926879885,15.615872383117676,15.699712753295898,11.078600000000733,-0.1297254562377912,0.21356582641601385,1
22973,b'4329888',59146,59131.438,59146.33533333333,0,14.298907279968262,14.678789138793944,14.401129722595217,14.89733333332697,-0.3798818588256818,0.1022224426269549,1
31067,b'877786',59222,59215.49,59222.58,0,18.417015075683597,19.082927703857425,18.689786911010746,7.0900000000037835,-0.6659126281738281,0.27277183532714844,1
14995,b'3147811',59254,59242.53,59254.4108,0,18.203937530517575,18.864967346191406,18.04048728942871,11.880799999998999,-0.6610298156738317,-0.16345024108886363,1
7348,b'2077096',59222,59215.49,59222.58,0,18.648855209350582,19.27236557006836,19.00514030456543,7.0900000000037835,-0.623510360717777,0.3562850952148473,1
26839,b'4892948',59230,59215.49,59230.1705,0,18.497602462768555,19.088062286376957,18.729190826416016,14.680500000002212,-0.590459823608402,0.23158836364746094,1
12366,b'275940',59161,59156.348,59161.44,0,15.53514003753662,15.743511199951172,15.58127212524414,5.092000000004191,-0.20837116241455256,0.04613208770752131,1
27968,b'5021187',59136,59127.387,59136.41966666666,0,13.776973724365234,14.375093460083008,13.67752170562744,9.03266666665877,-0.5981197357177734,-0.09945201873779475,1
28072,b'5041818',59164,59154.223,59164.445166666665,0,14.281417846679688,14.62714385986328,14.192546844482422,10.222166666666453,-0.345726013183592,-0.08887100219726562,1
26872,b'4896930',59320,59305.29,59320.2476,0,14.66994285583496,15.314876556396484,14.86340618133545,14.957600000001548,-0.6449337005615252,0.19346332550049006,1
23431,b'4383551',59317,59303.344,59317.230200000005,0,14.100948333740234,14.64862060546875,13.961019515991213,13.886200000008103,-0.5476722717285156,-0.13992881774902166,1
30161,b'746113',59346,59336.23,59346.28,0,16.53289222717285,16.778392791748047,16.458337783813477,10.049999999995634,-0.2455005645751953,-0.074554443359375,1
8229,b'2205683',59321,59311.18,59321.25,0,16.55103302001953,16.77263641357422,16.586891174316406,10.069999999999709,-0.2216033935546875,0.035858154296875,1
15199,b'3180396',59246,59246.23,59246.23,0,18.79530334472656,18.82415008544922,18.669361114501957,0.0,-0.028846740722659803,-0.12594223022460227,1
23533,b'4401067',59332,59328.188,59332.3,0,17.54967498779297,17.8007869720459,17.674110412597656,4.1120000000009895,-0.2511119842529297,0.1244354248046875,1
16473,b'3403744',59228,59219.44,59228.662500000006,0,18.53179168701172,18.64061546325684,18.32266998291016,9.222500000003492,-0.10882377624512074,-0.20912170410155895,1
22213,b'4235635',59316,59305.285,59316.41,0,14.789997100830078,15.366533279418944,14.898921966552734,11.125,-0.5765361785888654,0.10892486572265625,1
19929,b'3900348',59313,59309.188,59313.3362,0,15.274867057800291,15.546619415283203,15.354619026184082,4.148199999995995,-0.27175235748291193,0.07975196838379084,1
29670,b'689297',59183,59183.39,59183.39,0,20.64365768432617,20.056982040405277,19.43655014038086,0.0,0.5866756439208913,-1.207107543945309,2
4826,b'1741554',59219,59218.11,59219.27,0,17.004112243652344,17.25993537902832,16.835290908813477,1.1599999999962165,-0.25582313537597656,-0.1688213348388672,1
21943,b'4203248',59187,59186.19,59187.42,0,17.921281814575195,18.06039047241211,17.609657287597656,1.2299999999959255,-0.13910865783691406,-0.31162452697753906,1
26984,b'4914426',59169,59162.457,59169.3565,0,15.06581211090088,15.289620399475098,15.01641845703125,6.899499999999534,-0.22380828857421697,-0.04939365386963068,1
2689,b'1422673',59320,59315.2,59320.265,0,17.749088287353516,17.816720962524414,17.912935256958008,5.065000000002328,-0.06763267517089844,0.1638469696044922,1
22209,b'4235635',59312,59305.285,59312.38,0,14.517782211303713,15.200464248657228,14.470937728881836,7.094999999993888,-0.6826820373535156,-0.046844482421876776,1
26396,b'4837338',59313,59304.156,59313.3362,0,16.5728759765625,16.701961517333984,16.871337890625,9.180199999995239,-0.12908554077148438,0.2984619140625,1
27627,b'4983460',59246,59232.16,59246.23,0,14.482259750366213,14.76552963256836,14.43869686126709,14.069999999999709,-0.28326988220214666,-0.04356288909912287,1
4185,b'1635934',59322,59316.414,59322.2564,0,15.658597946166992,15.908428192138672,15.783058166503906,5.842400000001362,-0.2498302459716797,0.12446022033691406,1
5529,b'1844602',59338,59333.32,59338.27,0,14.928564071655272,15.215239524841309,14.946813583374023,4.94999999999709,-0.28667545318603693,0.018249511718751776,1
13529,b'2916154',59187,59183.39,59187.42,0,16.66101837158203,16.88272476196289,16.9114990234375,4.029999999998836,-0.22170639038085938,0.25048065185546875,1
28346,b'515909',59222,59222.58,59222.58,0,21.64105224609375,21.16054344177246,21.15553855895996,0.0,0.48050880432128906,-0.48551368713378906,2
23659,b'4410355',59162,59154.223,59162.46,0,15.141836166381836,15.197402000427246,15.480056762695312,8.23700000000099,-0.055565834045410156,0.33822059631347656,0
20971,b'4060270',59134,59127.387,59134.10966666666,0,14.873475074768066,15.387483596801758,15.099724769592283,6.722666666661098,-0.5140085220336914,0.22624969482421697,1
22492,b'4273676',59317,59304.156,59317.230200000005,0,16.651874542236328,17.1356201171875,17.105989456176758,13.074200000002747,-0.4837455749511719,0.4541149139404297,0
8036,b'2188629',59320,59318.24,59320.2476,0,17.256664276123047,17.44460678100586,17.204330444335938,2.0076000000044587,-0.1879425048828125,-0.052333831787109375,1
22745,b'4309237',59188,59176.254,59188.295000000006,0,14.375786781311035,14.632272720336914,14.393006324768066,12.041000000004715,-0.2564859390258789,0.01721954345703125,1
1530,b'1238054',59337,59331.29,59337.27,0,15.312804222106934,15.676809310913086,15.16493320465088,5.9799999999959255,-0.36400508880615234,-0.1478710174560529,1
4559,b'1704430',59163,59160.44,59163.37,0,16.023998260498047,16.20247459411621,15.947833061218262,2.930000000000291,-0.17847633361816406,-0.07616519927978516,1
24181,b'4490344',59027,59014.203,59027.27,0,19.8074951171875,21.08380508422852,20.772232055664062,13.06699999999546,-1.2763099670410192,0.9647369384765625,4
23428,b'4383551',59313,59303.344,59313.3362,0,14.233354568481444,14.568365097045898,14.126118659973145,9.992200000000594,-0.3350105285644549,-0.107235908508299,1
26352,b'4826721',59161,59158.43,59161.44,0,18.520620346069336,18.157758712768555,18.884654998779297,3.0100000000020373,0.36286163330078125,0.36403465270996094,0
4832,b'1742438',59220,59219.44,59220.63,0,19.98477935791016,20.052547454833984,19.985387802124023,1.1899999999950523,-0.06776809692382457,0.0006084442138636348,1
26533,b'4850958',59367,59367.203,59367.259,0,19.144384384155277,19.28824806213379,19.021297454833984,0.055999999996856786,-0.14386367797851207,-0.12308692932129262,1
11593,b'2665549',59344,59333.324,59344.27,0,14.895963668823242,15.066794395446776,14.974306106567385,10.945999999996275,-0.17083072662353338,0.0783424377441424,1
12367,b'275940',59162,59156.348,59162.46,0,15.291033744812012,15.485048294067385,15.314022064208984,6.1120000000009895,-0.19401454925537287,0.022988319396972656,1
7975,b'2181606',59129,59127.387,59129.43659999999,0,14.384356498718262,14.782201766967772,14.36994457244873,2.0495999999911874,-0.39784526824950994,-0.01441192626953125,1
17722,b'3613104',59147,59143.37,59147.48,0,16.329456329345703,16.517784118652344,16.448068618774414,4.110000000000582,-0.18832778930664062,0.11861228942871094,1
9947,b'2439583',59185,59172.39,59185.23,0,14.428117752075195,14.69978141784668,14.506741523742676,12.840000000003783,-0.2716636657714844,0.07862377166748047,1
7079,b'2037403',59364,59353.35,59364.26,0,16.55480194091797,16.75238800048828,16.605724334716797,10.910000000003492,-0.1975860595703125,0.050922393798828125,1
7004,b'2028972',59318,59318.24,59318.2475,0,20.707517623901367,19.56833839416504,19.26107788085937,0.007499999999708962,1.1391792297363281,-1.4464397430419957,2
1949,b'1296512',59347,59332.3,59347.26,0,16.376951217651367,16.69371223449707,16.53412437438965,14.959999999999127,-0.3167610168457031,0.15717315673828125,1
10589,b'2539256',59183,59174.26,59183.39,0,14.604402542114258,14.924193382263184,14.546278953552246,9.12999999999738,-0.3197908401489258,-0.05812358856201172,1
532,b'1082669',59342,59331.29,59342.26,0,14.61216163635254,14.887677192687988,14.614143371582031,10.970000000001164,-0.27551555633544744,0.001981735229490411,1
24075,b'4473022',59319,59307.16,59319.2475,0,14.07640552520752,14.494758605957031,14.004913330078123,12.08749999999418,-0.4183530807495117,-0.07149219512939631,1
22152,b'4234847',58975,58962.34,58975.42,0,19.500072479248047,19.53877830505371,19.609355926513672,13.080000000001746,-0.03870582580566406,0.109283447265625,1
28977,b'612640',59194,59193.184,59194.3325,0,18.33993911743164,18.367136001586918,18.19280815124512,1.1484999999956926,-0.02719688415527699,-0.14713096618651988,1
17445,b'3553586',59252,59243.22,59252.2152,0,14.360233306884766,14.6630859375,14.325852394104004,8.995199999997567,-0.3028526306152344,-0.03438091278076172,1
20976,b'4060270',59140,59127.387,59140.35716666668,0,14.954298973083496,15.272869110107422,15.647350311279297,12.970166666680598,-0.3185701370239258,0.6930513381958008,0
21213,b'4086292',59365,59362.34,59365.27,0,16.710512161254883,16.903018951416016,16.633460998535156,2.930000000000291,-0.1925067901611328,-0.07705116271972656,1
17295,b'3533367',59129,59127.387,59129.43659999999,0,14.959766387939451,15.162297248840332,14.926366806030272,2.0495999999911874,-0.20253086090088068,-0.03339958190917969,1
11794,b'2700068',59318,59307.16,59318.2475,0,14.15509033203125,14.48906707763672,14.1233491897583,11.08749999999418,-0.3339767456054705,-0.03174114227294922,1
12602,b'2776858',59252,59243.22,59252.2152,0,14.35167407989502,14.884197235107422,14.318913459777832,8.995199999997567,-0.5325231552124023,-0.0327606201171875,1
23548,b'440183',59246,59243.22,59246.23,0,14.561052322387695,14.855876922607422,14.539468765258787,3.0100000000020373,-0.29482460021972656,-0.021583557128908026,1
17032,b'349743',59173,59166.4,59173.39,0,16.65283203125,16.82207679748535,17.366127014160156,6.989999999997963,-0.16924476623535156,0.7132949829101562,0
4561,b'1704430',59166,59160.44,59166.4,0,15.090219497680664,15.356274604797363,15.05925750732422,5.959999999999127,-0.2660551071166992,-0.030961990356443536,1
17336,b'3539537',59328,59322.26,59328.277,0,15.522893905639648,15.801883697509766,15.422845840454102,6.016999999999825,-0.2789897918701172,-0.10004806518554688,1
8923,b'2306464',59138,59127.387,59138.380833333336,0,14.224452018737791,14.498290061950684,14.247370719909668,10.993833333333896,-0.2738380432128924,0.022918701171876776,1
28186,b'5062114',59131,59127.387,59131.4874,0,15.803446769714355,16.010475158691406,15.82432746887207,4.100399999995716,-0.20702838897705078,0.020880699157714844,1
6634,b'1969558',59313,59306.258,59313.3362,0,16.950180053710938,17.160968780517578,17.038314819335938,7.078199999996286,-0.21078872680664062,0.088134765625,1
28068,b'5041818',59160,59154.223,59160.44,0,14.990715026855469,15.285808563232422,14.927240371704102,6.217000000004191,-0.2950935363769531,-0.06347465515136719,1
59,b'1002671',59357,59353.19,59357.31,0,17.7210693359375,17.899188995361328,17.69695281982422,4.119999999995343,-0.17811965942382812,-0.02411651611328125,1
1305,b'1202103',59235,59226.63,59235.47,0,18.364702224731445,18.570173263549805,18.204849243164062,8.840000000003783,-0.20547103881835938,-0.1598529815673828,1
24958,b'4622131',59319,59307.16,59319.2475,0,14.239791870117188,14.668405532836914,14.181432723999023,12.08749999999418,-0.42861366271972656,-0.05835914611816406,1
4183,b'1635934',59320,59316.41,59320.265,0,16.42715835571289,16.584815979003906,16.531536102294922,3.8549999999959255,-0.15765762329101562,0.10437774658203125,1
25464,b'4704006',59312,59311.18,59312.38,0,17.110023498535156,17.209453582763672,16.908021926879883,1.1999999999970896,-0.09943008422851562,-0.20200157165527344,1
21544,b'4128468',59216,59210.156,59216.22333333333,0,15.92173957824707,16.028043746948242,16.303688049316406,6.067333333325223,-0.10630416870117188,0.38194847106933594,0
27673,b'4986970',59359,59346.28,59359.29,0,16.57950210571289,16.76742935180664,16.577844619750977,13.010000000002037,-0.18792724609375,-0.0016574859619140625,1
1183,b'1175861',59346,59342.26,59346.28,0,17.95439338684082,18.07256126403809,18.324996948242188,4.019999999996799,-0.11816787719726918,0.3706035614013672,0
28995,b'615573',59337,59334.2,59337.27,0,17.778663635253906,18.02063751220703,17.834938049316406,3.069999999999709,-0.241973876953125,0.0562744140625,1
8924,b'2306464',59139,59127.387,59139.38,0,14.169069290161133,14.455023765563965,14.181594848632812,11.992999999994936,-0.28595447540283203,0.012525558471679688,1
29826,b'708827',59346,59335.41,59346.28,0,14.688032150268556,14.886287689208984,14.756840705871582,10.869999999995343,-0.1982555389404279,0.06880855560302557,1
21342,b'4102791',59338,59328.188,59338.27,0,16.570384979248047,16.70146942138672,16.718791961669922,10.081999999994878,-0.13108444213867188,0.148406982421875,1
15200,b'3180396',59255,59246.23,59255.23,0,18.27132797241211,18.684024810791016,18.23558807373047,9.0,-0.41269683837890625,-0.035739898681640625,1
11662,b'2675839',59136,59127.387,59136.41966666666,0,14.575040817260742,14.875496864318848,14.554929733276367,9.03266666665877,-0.30045604705810547,-0.020111083984375,1
13447,b'2907688',59135,59127.387,59135.42,0,14.021662712097168,14.631263732910156,13.98231029510498,8.032999999995809,-0.6096010208129883,-0.0393524169921875,1
6062,b'1899806',59230,59215.49,59230.1705,0,18.52032852172852,19.086505889892575,18.968032836914062,14.680500000002212,-0.5661773681640554,0.4477043151855433,1
27896,b'5016159',59142,59127.387,59142.3412,0,15.063493728637695,15.646005630493164,15.331210136413574,14.954200000000128,-0.5825119018554688,0.2677164077758789,1
1904,b'1288332',59246,59243.23,59246.23,0,18.468000411987305,18.254735946655277,18.596363067626957,3.0,0.2132644653320277,0.128362655639652,1
22111,b'4229812',59348,59342.26,59348.2745,0,17.533035278320312,17.70651626586914,17.634258270263672,6.014499999997497,-0.17348098754882812,0.10122299194335938,1
7982,b'2181606',59139,59127.387,59139.38,0,14.972394943237305,15.517264366149902,15.03258228302002,11.992999999994936,-0.5448694229125977,0.060187339782714844,1
12976,b'2817628',59140,59127.387,59140.35716666668,0,15.01942253112793,15.449764251708984,15.483278274536133,12.970166666680598,-0.4303417205810547,0.4638557434082031,0
23789,b'4425535',59365,59351.32,59365.27,0,14.05594253540039,14.423233032226562,13.926671981811523,13.94999999999709,-0.3672904968261719,-0.1292705535888672,1
24450,b'453245',59172,59163.37,59172.39,0,14.82880973815918,15.069290161132812,14.870735168457031,9.019999999996799,-0.2404804229736328,0.04192543029785156,1
24163,b'4488048',59139,59127.387,59139.38,0,14.73371124267578,15.279399871826172,15.02841091156006,11.992999999994936,-0.5456886291503924,0.2946996688842809,1
26358,b'4826721',59169,59158.426,59169.3565,0,14.751350402832031,15.044485092163086,14.69741916656494,10.930500000002212,-0.2931346893310547,-0.05393123626709162,1
406,b'1059593',59313,59304.156,59313.3362,0,15.824317932128906,16.227758407592773,15.726223945617676,9.180199999995239,-0.4034404754638672,-0.09809398651123047,1
13449,b'2907688',59138,59127.387,59138.380833333336,0,14.168718338012695,14.767013549804688,14.10667324066162,10.993833333333896,-0.5982952117919922,-0.062045097351075995,1
5563,b'1849812',59312,59309.188,59312.38,0,15.994518280029297,16.24454116821289,15.98235321044922,3.19199999999546,-0.25002288818359375,-0.012165069580076349,1
21418,b'4114252',59367,59358.324,59367.259,0,16.98899269104004,17.11905288696289,17.141319274902344,8.934999999997672,-0.13006019592285156,0.1523265838623047,1
28347,b'515909',59226,59222.58,59226.63,0,19.45974540710449,19.50471305847168,19.35576629638672,4.049999999995634,-0.04496765136719105,-0.10397911071776988,1
20778,b'4036959',59321,59318.24,59321.25,0,18.269222259521484,18.468259811401367,18.20816993713379,3.0100000000020373,-0.1990375518798828,-0.06105232238769531,1
22418,b'4265483',59366,59365.27,59366.27,0,18.65485572814941,18.498699188232425,18.211963653564453,1.0,0.15615653991698508,-0.4428920745849574,2
17300,b'3533367',59136,59127.387,59136.41966666666,0,13.992327690124512,14.307634353637695,13.932395935058594,9.03266666665877,-0.3153066635131836,-0.05993175506591797,1
21138,b'4075052',59140,59127.387,59140.35716666668,0,14.530266761779783,15.134954452514648,14.699721336364746,12.970166666680598,-0.6046876907348651,0.1694545745849627,1
19226,b'3804414',59158,59156.47,59158.3555,0,18.279319763183597,18.168344497680664,18.17847442626953,1.8854999999966822,0.11097526550293324,-0.10084533691406605,1
9686,b'2405957',59140,59127.387,59140.35716666668,0,13.968503952026367,14.71142864227295,13.93995761871338,12.970166666680598,-0.742924690246582,-0.028546333312986505,1
4445,b'1686869',59146,59132.55,59146.33533333333,0,14.658135414123535,14.838878631591797,14.698907852172852,13.78533333332598,-0.18074321746826172,0.040772438049316406,1
10509,b'2532481',59315,59305.285,59315.23666666666,0,14.528578758239746,15.212034225463867,14.468649864196776,9.951666666653182,-0.6834554672241211,-0.059928894042970526,1
26534,b'4850958',59372,59367.203,59372.265,0,16.922012329101562,17.14150619506836,16.873271942138672,5.061999999998079,-0.21949386596679688,-0.048740386962890625,1
5920,b'188220',59183,59182.36,59183.39,0,16.067291259765625,16.26546287536621,16.076488494873047,1.0299999999988358,-0.19817161560058594,0.009197235107421875,1
18008,b'3648855',59332,59331.29,59332.3,0,18.64551544189453,18.72776222229004,18.67427062988281,1.0100000000020373,-0.08224678039550781,0.028755187988277697,1
1776,b'1277357',59332,59327.25,59332.3,0,15.475367546081545,15.773879051208496,15.337510108947754,5.05000000000291,-0.29851150512695135,-0.13785743713379084,1
25120,b'4650719',59139,59127.387,59139.38,0,14.073596000671388,14.821349143981934,14.000728607177734,11.992999999994936,-0.7477531433105451,-0.07286739349365412,1
6681,b'1974285',59332,59328.188,59332.3,0,17.087160110473633,17.310209274291992,17.214780807495117,4.1120000000009895,-0.22304916381835938,0.12762069702148438,1
22819,b'4319900',58980,58967.168,58980.25666666668,0,20.434001922607425,20.35224723815918,20.54483413696289,13.08866666668473,0.08175468444824574,0.1108322143554652,1
17031,b'349743',59172,59166.4,59172.39,0,17.326221466064453,17.41698455810547,19.278003692626957,5.989999999997963,-0.09076309204101562,1.9517822265625036,3
21029,b'4062770',59318,59309.188,59318.2475,0,14.717489242553713,14.902965545654297,14.80145263671875,9.05949999999575,-0.18547630310058416,0.08396339416503729,1
20781,b'4036959',59332,59318.24,59332.3,0,16.103282928466797,16.45785903930664,16.0201358795166,14.060000000004948,-0.35457611083984375,-0.08314704895019531,1
12364,b'275940',59158,59156.348,59158.3555,0,16.666950225830078,16.78770637512207,16.721145629882812,2.007499999999709,-0.12075614929199219,0.054195404052734375,1
13761,b'2947968',59230,59215.49,59230.1705,0,19.07379150390625,19.440568923950195,19.74090003967285,14.680500000002212,-0.3667774200439453,0.6671085357666016,0
20973,b'4060270',59136,59127.387,59136.41966666666,0,14.930739402770996,15.384669303894045,15.309087753295898,9.03266666665877,-0.45392990112304865,0.37834835052490234,1
16905,b'3475831',59318,59304.156,59318.2475,0,16.12323760986328,16.782855987548828,16.11825180053711,14.091499999994994,-0.6596183776855469,-0.004985809326171875,1
27877,b'5014878',59319,59317.18,59319.2475,0,16.900150299072266,17.095680236816406,16.69879722595215,2.0674999999973807,-0.19552993774414062,-0.2013530731201172,1
21649,b'4150725',59255,59246.23,59255.23,0,17.916099548339844,18.143917083740234,17.78413963317871,9.0,-0.22781753540039062,-0.1319599151611328,1
5923,b'188220',59187,59182.36,59187.42,0,14.962325096130373,15.209179878234863,14.973827362060549,5.059999999997672,-0.2468547821044904,0.011502265930175781,1
11253,b'2626576',59226,59215.49,59226.63,0,18.152576446533203,18.67654228210449,18.19139862060547,11.139999999999418,-0.5239658355712855,0.038822174072265625,1
14603,b'3072142',59317,59305.29,59317.230200000005,0,14.132343292236328,14.65263843536377,14.1329345703125,11.940200000004552,-0.5202951431274414,0.000591278076171875,1
16240,b'3370800',59374,59370.28,59374.2675,0,16.170604705810547,16.42007064819336,16.169967651367188,3.9875000000029104,-0.2494659423828125,-0.000637054443359375,1
25912,b'4769878',59333,59327.25,59333.32,0,15.894617080688477,16.063751220703125,15.985124588012695,6.069999999999709,-0.16913414001464844,0.09050750732421875,1
12369,b'275940',59164,59156.348,59164.445166666665,0,14.850640296936035,15.085031509399414,14.83151626586914,8.097166666666453,-0.2343912124633789,-0.01912403106689453,1
23135,b'4345794',58937,58937.387,58937.5252,0,17.673442840576172,17.86048126220703,17.594987869262695,0.13819999999395804,-0.18703842163085938,-0.07845497131347656,1
22120,b'4230701',58937,58933.53,58937.5252,0,19.581600189208984,19.849197387695312,19.588150024414062,3.995199999997567,-0.2675971984863281,0.006549835205078125,1
30995,b'864398',59222,59215.49,59222.58,0,18.37344741821289,18.65171432495117,18.26944351196289,7.0900000000037835,-0.2782669067382777,-0.10400390625,1
22969,b'4329888',59142,59131.438,59142.3412,0,14.54002857208252,14.74038028717041,14.694701194763184,10.903200000000652,-0.20035171508789062,0.15467262268066406,1
19228,b'3804414',59161,59156.47,59161.44,0,16.186323165893555,16.327007293701172,16.296497344970703,4.970000000001164,-0.1406841278076172,0.11017417907714844,1
19114,b'3792388',59319,59307.16,59319.2475,0,13.938526153564451,14.369731903076172,13.870072364807127,12.08749999999418,-0.4312057495117205,-0.06845378875732422,1
12496,b'2765573',59337,59328.24,59337.27,0,15.01069450378418,15.321688652038574,15.097947120666504,9.029999999998836,-0.31099414825439453,0.08725261688232422,1
2461,b'1378392',59358,59348.25,59358.30783333333,0,14.88449478149414,15.118698120117188,14.946747779846191,10.057833333332383,-0.23420333862304688,0.06225299835205078,1
22274,b'425266',59343,59335.41,59343.243166666674,0,17.04119873046875,17.211688995361328,17.223430633544922,7.833166666670877,-0.17049026489257812,0.18223190307617188,1
9207,b'2338116',59404,59401.21,59404.29,0,19.86732482910156,20.110923767089844,19.710546493530277,3.0800000000017462,-0.2435989379882848,-0.15677833557128196,1
4303,b'1666284',59324,59314.293,59324.23416666667,0,15.01211166381836,15.309475898742676,15.010451316833496,9.941166666671052,-0.2973642349243164,-0.0016603469848632812,1
29639,b'687379',59226,59215.49,59226.63,0,18.07719039916992,18.26301002502441,17.967636108398438,11.139999999999418,-0.1858196258544922,-0.10955429077148082,1
1558,b'1243710',59146,59143.38,59146.33533333333,0,17.519180297851562,17.593597412109375,17.532596588134766,2.9553333333315095,-0.0744171142578125,0.013416290283203125,1
14796,b'3112233',59194,59192.37,59194.3325,0,20.42216110229492,19.605070114135746,19.47420883178711,1.9624999999941792,0.8170909881591726,-0.947952270507809,2
6031,b'1897208',59334,59332.3,59334.32833333333,0,18.106185913085938,18.04066276550293,17.884227752685547,2.0283333333281917,0.06552314758300781,-0.22195816040039062,1
23714,b'4417214',59226,59215.49,59226.63,0,17.727230072021484,18.10277938842773,17.533483505249023,11.139999999999418,-0.37554931640624645,-0.19374656677246094,1
16391,b'339480',59216,59204.188,59216.22333333333,0,14.467615127563477,14.781270027160645,14.593710899353027,12.03533333332598,-0.31365489959716797,0.12609577178955078,1
19616,b'3871513',58980,58980.25,58980.25666666668,0,20.86598396301269,20.76443672180176,21.122283935546875,0.006666666682576761,0.1015472412109304,0.25629997253418324,0
2040,b'1311264',58975,58962.34,58975.42,0,19.97990226745605,20.062896728515625,20.374866485595703,13.080000000001746,-0.08299446105957387,0.394964218139652,0
12262,b'2749328',59316,59305.285,59316.41,0,14.202052116394045,15.01376247406006,14.021855354309082,11.125,-0.8117103576660156,-0.1801967620849627,1
17456,b'3556159',59145,59145.37,59145.37,0,19.464847564697266,19.164995193481445,19.16166305541992,0.0,0.2998523712158203,-0.3031845092773473,2
26830,b'4892007',59255,59243.22,59255.23,0,14.149779319763184,14.617053985595703,14.032262802124023,12.010000000002037,-0.46727466583251953,-0.11751651763916016,1
25491,b'470735',59317,59305.29,59317.230200000005,0,15.186081886291504,15.343700408935549,16.159992218017578,11.940200000004552,-0.15761852264404475,0.9739103317260742,0
7877,b'2165816',59320,59305.29,59320.2476,0,13.897446632385254,14.595273971557615,13.87905216217041,14.957600000001548,-0.6978273391723615,-0.01839447021484375,1
12630,b'2777911',59221,59215.49,59221.56716666667,0,18.48760986328125,18.94949531555176,18.653947830200195,6.077166666669655,-0.46188545227051137,0.1663379669189453,1
2274,b'1350238',59169,59157.457,59169.3565,0,14.274015426635742,14.609366416931152,14.14380168914795,11.899499999999534,-0.33535099029541016,-0.13021373748779297,1
10244,b'2478450',59255,59246.23,59255.23,0,18.307518005371094,18.58658218383789,18.169084548950195,9.0,-0.2790641784667969,-0.13843345642089844,1
13500,b'2911378',59157,59146.34,59157.46,0,14.510102272033691,14.809051513671877,14.448240280151367,11.12000000000262,-0.29894924163818537,-0.06186199188232422,1
29429,b'662527',59343,59333.32,59343.24025,0,14.336420059204102,14.641351699829102,14.2484769821167,9.920250000002852,-0.304931640625,-0.08794307708740234,1
20721,b'4025122',59338,59338.27,59338.27,0,19.80669593811035,19.758729934692383,19.44258499145508,0.0,0.04796600341796875,-0.3641109466552699,1
4865,b'1749778',59319,59308.254,59319.24583333333,0,16.341842651367188,16.56513214111328,16.372913360595703,10.991833333326213,-0.22328948974609375,0.031070709228515625,1
17315,b'3537423',59337,59332.3,59337.27,0,17.673229217529297,17.890480041503906,17.742759704589844,4.969999999993888,-0.21725082397460938,0.06953048706054688,1
834,b'1130458',59246,59243.22,59246.23,0,14.512088775634766,14.780096054077148,14.534046173095703,3.0100000000020373,-0.2680072784423828,0.0219573974609375,1
13817,b'2958681',59143,59135.42,59143.3775,0,15.30515480041504,15.554448127746582,15.409049034118652,7.9575000000040745,-0.2492933273315412,0.1038942337036115,1
23978,b'4454991',59315,59312.38,59315.23666666666,0,16.591426849365234,16.66036605834961,17.2862491607666,2.8566666666592937,-0.068939208984375,0.6948223114013672,0
23318,b'4363807',59377,59365.27,59377.27,0,14.179314613342283,14.534393310546877,14.005712509155272,12.0,-0.3550786972045934,-0.17360210418701172,1
586,b'1089541',59337,59337.27,59337.27,0,18.83055305480957,18.74845314025879,18.474773406982425,0.0,0.08209991455078125,-0.3557796478271449,1
18827,b'3753662',59142,59127.387,59142.3412,0,15.036168098449709,15.447100639343262,15.383338928222656,14.954200000000128,-0.4109325408935529,0.34717082977294744,1
17795,b'3623917',59318,59304.156,59318.2475,0,16.3529052734375,17.065032958984375,16.41462516784668,14.091499999994994,-0.712127685546875,0.06171989440917969,1
27357,b'4951577',59185,59176.254,59185.23,0,14.807731628417969,15.116759300231934,14.787517547607422,8.976000000002387,-0.30902767181396484,-0.020214080810546875,1
22524,b'4277318',59228,59225.47,59228.662500000006,0,19.741130828857425,19.88332748413086,19.92802619934082,3.1925000000046566,-0.14219665527343395,0.18689537048339488,1
19930,b'3900348',59314,59309.188,59314.29,0,15.011316299438477,15.301437377929688,15.090391159057615,5.101999999998952,-0.29012107849121094,0.07907485961913885,1
14234,b'3021608',59243,59243.22,59243.2275,0,15.736523628234863,15.89892578125,15.990455627441406,0.007499999999708962,-0.16240215301513672,0.25393199920654297,1
2500,b'1387848',59221,59215.49,59221.56716666667,0,18.22627639770508,18.84069061279297,18.408069610595703,6.077166666669655,-0.6144142150878871,0.18179321289062145,1
22215,b'4235635',59318,59305.285,59318.2475,0,14.826019287109377,15.328363418579102,15.138347625732422,12.96249999999418,-0.5023441314697248,0.3123283386230451,1
2284,b'1350652',59225,59218.11,59225.28,0,14.86265754699707,15.185361862182615,14.801557540893556,7.169999999998254,-0.3227043151855451,-0.06110000610351385,1
15866,b'3300044',59328,59314.234,59328.26666666667,0,16.316635131835938,16.623958587646484,16.29372787475586,14.032666666673322,-0.3073234558105469,-0.022907257080078125,1
5352,b'1829117',59170,59166.4,59170.39,0,16.038509368896484,16.284040451049805,15.982026100158691,3.9899999999979627,-0.2455310821533203,-0.05648326873779297,1
23463,b'4391693',59144,59142.324,59144.4074,0,18.3382568359375,18.228715896606445,18.282997131347656,2.0833999999958905,0.10954093933105469,-0.05525970458984375,1
27520,b'4975057',59346,59331.29,59346.28,0,14.15624713897705,14.570701599121094,14.033233642578123,14.989999999997963,-0.41445446014404297,-0.12301349639892756,1
18132,b'3664867',58937,58933.53,58937.5252,0,19.610599517822266,19.78368759155273,19.689945220947266,3.995199999997567,-0.1730880737304652,0.079345703125,1
3126,b'149129',59183,59172.39,59183.39,0,14.578195571899414,14.846914291381836,14.555885314941406,11.0,-0.2687187194824219,-0.022310256958007812,1
7381,b'2081761',59374,59362.34,59374.2675,0,16.481889724731445,16.776390075683594,16.495893478393555,11.927500000005239,-0.29450035095214844,0.014003753662109375,1
27561,b'497723',59342,59342.26,59342.26,0,20.29211807250977,20.53448486328125,20.11755752563477,0.0,-0.24236679077148082,-0.174560546875,1
21929,b'4197238',59220,59215.49,59220.63,0,18.70838928222656,18.96624755859375,18.918380737304688,5.139999999999418,-0.25785827636719105,0.20999145507812855,1
8192,b'2202346',59313,59304.156,59313.3362,0,17.153268814086914,17.44068145751953,17.93451690673828,9.180199999995239,-0.2874126434326172,0.7812480926513672,0
31688,b'977173',58937,58937.387,58937.5252,0,17.245805740356445,17.75372314453125,17.281579971313477,0.13819999999395804,-0.5079174041748047,0.03577423095703125,1
21137,b'4075052',59139,59127.387,59139.38,0,14.438068389892578,15.069618225097656,14.651268005371094,11.992999999994936,-0.6315498352050781,0.21319961547851562,1
17302,b'3533367',59139,59127.387,59139.38,0,13.895669937133787,14.363442420959473,13.837472915649414,11.992999999994936,-0.46777248382568537,-0.058197021484373224,1
13203,b'2852770',59314,59305.285,59314.29,0,13.929752349853516,14.57207489013672,13.859382629394531,9.00499999999738,-0.6423225402832049,-0.07036972045898438,1
17303,b'3533367',59140,59127.387,59140.35716666668,0,13.872686386108398,14.42311191558838,13.848085403442385,12.970166666680598,-0.5504255294799822,-0.02460098266601385,1
9946,b'2439583',59184,59172.39,59184.244666666666,0,14.53631591796875,14.74134922027588,14.619207382202148,11.854666666666162,-0.20503330230713068,0.08289146423339844,1
1283,b'120030',59334,59328.3,59334.32833333333,0,15.35277271270752,15.672167778015137,15.272720336914062,6.028333333328192,-0.3193950653076172,-0.08005237579345703,1
5546,b'1847963',59362,59350.19,59362.345,0,16.153217315673828,16.49769401550293,16.032695770263672,12.154999999998836,-0.34447669982910156,-0.12052154541015625,1
29682,b'689297',59198,59183.39,59198.3,0,14.073067665100098,14.535917282104492,13.882137298583984,14.910000000003492,-0.46284961700439453,-0.19093036651611328,1
15651,b'3278814',59355,59345.188,59355.31,0,14.604743957519531,14.915098190307615,14.558695793151855,10.12199999999575,-0.31035423278808416,-0.04604816436767578,1
23712,b'4417214',59221,59215.49,59221.56716666667,0,18.26307487487793,18.517353057861328,18.04498291015625,6.077166666669655,-0.25427818298339844,-0.2180919647216797,1
21635,b'4145712',59332,59324.184,59332.3,0,16.742977142333984,16.928142547607422,16.81718635559082,8.116000000001804,-0.1851654052734375,0.07420921325683594,1
12972,b'2817628',59135,59127.387,59135.42,0,14.94430160522461,15.50054931640625,15.083250999450684,8.032999999995809,-0.5562477111816406,0.13894939422607422,1
22066,b'4221140',59200,59200.31,59200.31,0,19.688304901123047,19.582609176635746,19.0843505859375,0.0,0.10569572448730113,-0.6039543151855469,2
14213,b'3018107',59163,59158.43,59163.37,0,16.476490020751953,16.629451751708984,16.63693618774414,4.940000000002328,-0.15296173095703125,0.1604461669921875,1
19032,b'3786444',59169,59158.426,59169.3565,0,14.725841522216797,14.975852012634276,14.822463989257812,10.930500000002212,-0.2500104904174787,0.09662246704101562,1
3474,b'1543053',59316,59309.188,59316.41,0,14.545684814453123,14.847179412841797,14.42907428741455,7.222000000001572,-0.30149459838867365,-0.11661052703857244,1
10972,b'2591592',59132,59127.387,59132.55,0,14.523262977600098,14.806586265563965,14.426759719848633,5.163000000000466,-0.2833232879638672,-0.09650325775146484,1
12601,b'2776858',59246,59243.22,59246.23,0,14.768194198608398,15.01417636871338,14.82367992401123,3.0100000000020373,-0.24598217010498225,0.05548572540283203,1
10783,b'2566488',58937,58937.387,58937.5252,0,16.873790740966797,17.39215850830078,16.782344818115234,0.13819999999395804,-0.5183677673339844,-0.0914459228515625,1
11342,b'2639519',59142,59127.387,59142.3412,0,14.543448448181152,15.14936637878418,14.648241996765137,14.954200000000128,-0.6059179306030273,0.10479354858398438,1
25159,b'4655570',59337,59334.2,59337.27,0,17.905826568603516,18.12708282470703,17.81167984008789,3.069999999999709,-0.22125625610351562,-0.094146728515625,1
19328,b'381607',59228,59222.58,59228.662500000006,0,19.1594181060791,19.17001724243164,19.003538131713867,6.0825000000040745,-0.010599136352539062,-0.15587997436523438,1
14672,b'3084975',59317,59306.258,59317.230200000005,0,16.37904167175293,16.617900848388672,16.4444580078125,10.972200000003795,-0.2388591766357422,0.06541633605957031,1
19808,b'3886506',59374,59365.27,59374.2675,0,15.859643936157228,15.993898391723633,16.297286987304688,8.997500000004948,-0.13425445556640447,0.43764305114745916,0
1167,b'1175547',59188,59183.39,59188.295000000006,0,17.10300064086914,17.144031524658203,17.835132598876953,4.905000000006112,-0.0410308837890625,0.7321319580078125,0
8080,b'2189751',59138,59132.55,59138.380833333336,0,16.458358764648438,16.580535888671875,16.77402687072754,5.83083333333343,-0.1221771240234375,0.31566810607910156,1
3753,b'1575994',59319,59313.37,59319.2475,0,15.429054260253906,15.638559341430664,15.406852722167969,5.877499999995052,-0.2095050811767578,-0.0222015380859375,1
14898,b'3130818',59320,59305.29,59320.2476,0,14.792600631713867,15.285110473632812,14.959972381591797,14.957600000001548,-0.4925098419189453,0.1673717498779297,1
19391,b'3819692',59134,59127.387,59134.10966666666,0,14.298980712890623,14.931717872619627,14.486455917358398,6.722666666661098,-0.6327371597290039,0.1874752044677752,1
5474,b'1839239',59343,59331.29,59343.2434,0,14.171761512756348,14.534812927246094,14.132612228393556,11.95339999999851,-0.3630514144897461,-0.03914928436279119,1
22343,b'425651',59138,59127.387,59138.380833333336,0,14.61363697052002,14.827160835266112,14.686765670776367,10.993833333333896,-0.21352386474609197,0.07312870025634766,1
21933,b'4197238',59228,59215.49,59228.662500000006,0,18.974056243896484,19.32013702392578,19.443872451782227,13.172500000007858,-0.3460807800292969,0.4698162078857422,0
3751,b'1575994',59317,59313.367,59317.230200000005,0,16.216888427734375,16.328615188598633,16.133323669433594,3.8632000000070548,-0.11172676086425781,-0.08356475830078125,1
7747,b'2138374',59027,59014.203,59027.27,0,19.39416885375977,19.56670379638672,19.95176315307617,13.06699999999546,-0.17253494262694957,0.5575942993163991,0
21717,b'4155681',59374,59367.203,59374.2675,0,16.950885772705078,17.193096160888672,16.949329376220703,7.0645000000004075,-0.24221038818359375,-0.001556396484375,1
4300,b'1666284',59320,59314.29,59320.2476,0,16.159032821655273,16.412067413330078,16.208364486694336,5.957600000001548,-0.2530345916748047,0.0493316650390625,1
17364,b'354135',59373,59367.26,59373.2675,0,15.46465015411377,15.749998092651367,15.287269592285156,6.007499999999709,-0.28534793853759766,-0.17738056182861328,1
18778,b'3752898',59350,59345.25,59350.347400000006,0,16.24812889099121,16.429302215576172,16.566797256469727,5.097400000006019,-0.18117332458496094,0.3186683654785156,1
897,b'1142857',59222,59215.49,59222.58,0,18.24234771728516,18.758869171142575,18.340972900390625,7.0900000000037835,-0.5165214538574148,0.0986251831054652,1
8373,b'2226539',59363,59353.355,59363.313833333326,0,16.208206176757812,16.513507843017578,16.11425018310547,9.958833333323128,-0.3053016662597656,-0.09395599365234375,1
19030,b'3786444',59166,59158.43,59166.4,0,15.586145401000977,15.82162380218506,15.89531135559082,7.970000000001164,-0.2354784011840838,0.30916595458984375,1
21310,b'410109',59136,59127.387,59136.41966666666,0,14.383096694946287,15.167336463928224,14.23149299621582,9.03266666665877,-0.7842397689819371,-0.15160369873046697,1
14826,b'3114795',59200,59199.145,59200.31,0,17.766841888427734,17.954158782958984,17.563045501708984,1.1650000000008731,-0.18731689453125,-0.20379638671875,1
29404,b'65790',59320,59307.16,59320.265,0,14.187173843383787,14.589559555053713,14.28581714630127,13.104999999995925,-0.4023857116699254,0.09864330291748225,1
27511,b'4975057',59333,59331.29,59333.32,0,16.997116088867188,17.113422393798828,16.891523361206055,2.029999999998836,-0.11630630493164062,-0.10559272766113281,1
22262,b'4248073',59363,59363.26,59363.3086,0,20.835607528686523,20.710813522338867,20.268266677856445,0.04859999999462161,0.12479400634765625,-0.5673408508300781,2
6082,b'1903564',59219,59210.156,59219.27,0,14.175424575805664,14.552546501159668,14.012374877929688,9.113999999994121,-0.3771219253540039,-0.16304969787597656,1
6057,b'1899806',59220,59215.49,59220.63,0,18.025171279907227,18.511016845703125,18.157367706298828,5.139999999999418,-0.48584556579589844,0.13219642639160156,1
1526,b'1238054',59332,59331.29,59332.3,0,18.902740478515625,18.710865020751957,18.29082489013672,1.0100000000020373,0.19187545776366832,-0.6119155883789062,2
8230,b'2205683',59324,59311.176,59324.232833333335,0,16.281423568725586,16.592182159423828,16.269271850585938,13.056833333335817,-0.3107585906982422,-0.012151718139648438,1
29882,b'714598',59140,59136.457,59140.35716666668,0,16.768367767333984,16.956138610839844,16.7449951171875,3.9001666666808887,-0.18777084350585938,-0.023372650146484375,1
13448,b'2907688',59136,59127.387,59136.41966666666,0,14.039984703063965,14.651384353637695,14.029592514038086,9.03266666665877,-0.6113996505737305,-0.010392189025878906,1
22337,b'425651',59129,59127.387,59129.43659999999,0,17.176029205322266,17.271198272705078,17.241533279418945,2.0495999999911874,-0.0951690673828125,0.06550407409667969,1
1035,b'1160047',59169,59164.53,59169.3565,0,16.653114318847656,16.850753784179688,16.919727325439453,4.826500000002852,-0.19763946533203125,0.2666130065917969,1
344,b'1044940',59347,59335.41,59347.26,0,14.628862380981444,14.788330078125,14.83288860321045,11.849999999998545,-0.15946769714355646,0.20402622222900568,1
13208,b'2852770',59319,59305.285,59319.2475,0,14.071764945983888,14.766542434692385,14.034622192382812,13.96249999999418,-0.6947774887084961,-0.037142753601075995,1
21813,b'4177992',59320,59305.29,59320.2476,0,14.334067344665527,15.143574714660645,14.253192901611328,14.957600000001548,-0.8095073699951172,-0.08087444305419922,1
11595,b'2665549',59346,59333.32,59346.28,0,14.5810546875,14.784423828125,14.614387512207031,12.959999999999127,-0.203369140625,0.03333282470703125,1
29526,b'677713',59140,59131.5,59140.35716666668,0,15.671451568603516,15.860880851745604,15.941462516784668,8.857166666683042,-0.18942928314208807,0.27001094818115234,1
5547,b'1847963',59363,59350.19,59363.313833333326,0,16.07598304748535,16.47412109375,15.941105842590332,13.123833333324,-0.39813804626464844,-0.13487720489501953,1
25472,b'4704006',59320,59311.18,59320.2476,0,14.407489776611328,14.72624683380127,14.279936790466309,9.06760000000213,-0.3187570571899414,-0.12755298614501953,1
16163,b'3362585',59347,59341.18,59347.26,0,15.07001781463623,15.233894348144531,15.171847343444824,6.080000000001746,-0.16387653350830078,0.10182952880859375,1
12806,b'2797844',59136,59127.387,59136.41966666666,0,14.038430213928224,14.757399559020996,13.978981018066406,9.03266666665877,-0.7189693450927717,-0.05944919586181818,1
3958,b'1602518',59320,59305.29,59320.2476,0,13.849400520324709,14.498909950256348,13.773527145385742,14.957600000001548,-0.6495094299316388,-0.07587337493896662,1
31500,b'940135',58980,58967.168,58980.25666666668,0,21.353273391723636,21.388490676879883,21.87251281738281,13.08866666668473,-0.03521728515624645,0.5192394256591726,0
10786,b'2567870',59027,59017.234,59027.27,0,19.026710510253903,19.037769317626957,18.79531478881836,10.036000000000058,-0.01105880737305398,-0.23139572143554332,1
21577,b'4132283',58975,58971.22,58975.42,0,18.289440155029297,18.48701286315918,18.20893096923828,4.19999999999709,-0.1975727081298828,-0.08050918579101562,1
22084,b'4224521',59348,59335.41,59348.2745,0,16.206398010253906,16.444395065307617,16.13988494873047,12.864499999996042,-0.23799705505371094,-0.0665130615234375,1
21139,b'4075052',59142,59127.387,59142.3412,0,14.665861129760742,15.331889152526855,14.829233169555664,14.954200000000128,-0.6660280227661133,0.16337203979492188,1
24775,b'4592244',59162,59158.2,59162.46,0,15.86284637451172,16.12568473815918,15.712030410766602,4.260000000002037,-0.26283836364745916,-0.15081596374511896,1
22741,b'4309237',59183,59176.254,59183.39,0,15.156559944152832,15.382993698120115,15.247865676879885,7.135999999998603,-0.22643375396728338,0.09130573272705256,1
6034,b'1897208',59338,59332.3,59338.27,0,15.644034385681152,15.875894546508787,15.626340866088867,5.969999999993888,-0.23186016082763494,-0.017693519592285156,1
11048,b'2598527',59367,59353.355,59367.259,0,16.42679214477539,16.774959564208984,16.41497802734375,13.903999999994994,-0.34816741943359375,-0.011814117431640625,1
12803,b'2797844',59132,59127.387,59132.55,0,13.886480331420898,14.599691390991213,13.82345962524414,5.163000000000466,-0.7132110595703143,-0.06302070617675781,1
27631,b'4983927',59337,59336.24,59337.27,0,18.30471420288086,18.13782119750977,18.20626449584961,1.0299999999988358,0.1668930053710902,-0.09844970703125,1
16125,b'3356805',59353,59347.26,59353.35,0,15.95961093902588,16.153947830200195,16.123125076293945,6.0899999999965075,-0.19433689117431463,0.16351413726806463,1
16241,b'3370800',59377,59370.28,59377.27,0,15.269187927246094,15.534818649291992,15.281021118164062,6.989999999997963,-0.26563072204589844,0.01183319091796875,1
28998,b'615573',59343,59334.2,59343.243166666674,0,16.41560173034668,16.671667098999023,16.40404510498047,9.04316666667728,-0.25606536865234375,-0.011556625366210938,1
12970,b'2817628',59132,59127.387,59132.55,0,14.811774253845217,15.476913452148438,14.841548919677734,5.163000000000466,-0.6651391983032209,0.029774665832517755,1
29640,b'687379',59228,59215.49,59228.662500000006,0,17.93865966796875,18.312286376953125,17.863182067871094,13.172500000007858,-0.373626708984375,-0.07547760009765625,1
24077,b'4473022',59321,59307.16,59321.25,0,14.021658897399902,14.573115348815918,13.921476364135742,14.089999999996508,-0.5514564514160156,-0.10018253326416016,1
26350,b'4823633',59291,59280.3,59291.41,0,18.20804214477539,18.612049102783203,18.05406379699707,11.110000000000582,-0.4040069580078125,-0.1539783477783203,1
28274,b'509684',59246,59246.23,59246.23,0,18.85511779785156,18.93900680541992,18.811256408691406,0.0,-0.08388900756835938,-0.0438613891601527,1
2407,b'1371374',59230,59215.49,59230.1705,0,19.217472076416016,19.10604476928711,20.67606735229492,14.680500000002212,0.11142730712890625,1.4585952758789027,3
7015,b'2029372',59314,59305.285,59314.29,0,14.202643394470217,14.654449462890623,14.14889430999756,9.00499999999738,-0.4518060684204066,-0.05374908447265625,1
12372,b'275940',59169,59156.348,59169.3565,0,14.344258308410645,14.687355041503906,14.286016464233398,13.00850000000355,-0.3430967330932617,-0.058241844177246094,1
1173,b'1175547',59194,59183.39,59194.3325,0,14.987444877624512,15.118019104003906,15.045424461364746,10.94249999999738,-0.13057422637939453,0.057979583740234375,1
5016,b'1774269',59169,59166.395,59169.3565,0,16.992273330688477,17.147552490234375,16.9247989654541,2.9615000000048894,-0.15527915954589844,-0.067474365234375,1
836,b'1130458',59255,59243.22,59255.23,0,14.298938751220703,14.937657356262209,14.405888557434082,12.010000000002037,-0.6387186050415057,0.1069498062133789,1
13281,b'2879377',59027,59014.203,59027.27,0,18.708669662475582,19.31597900390625,18.705787658691406,13.06699999999546,-0.6073093414306676,-0.002882003784176135,1
6522,b'196004',59315,59305.285,59315.23666666666,0,13.711709976196287,14.378332138061523,13.603114128112791,9.951666666653182,-0.6666221618652362,-0.1085958480834961,1
1781,b'1277357',59338,59327.25,59338.27,0,14.200347900390623,14.546817779541016,14.053075790405272,11.019999999996799,-0.3464698791503924,-0.14727210998535156,1
4556,b'1704430',59160,59160.44,59160.44,0,17.87300682067871,17.993667602539062,17.710203170776367,0.0,-0.12066078186035156,-0.16280364990234375,1
22255,b'4245600',59318,59304.156,59318.2475,0,16.556591033935547,16.946670532226562,17.226242065429688,14.091499999994994,-0.3900794982910156,0.6696510314941406,0
19406,b'3822479',59246,59246.23,59246.23,0,18.95712661743164,19.216602325439453,18.78146743774414,0.0,-0.2594757080078125,-0.1756591796875,1
25119,b'4650719',59138,59127.387,59138.380833333336,0,14.003743171691896,14.759222030639648,13.933762550354004,10.993833333333896,-0.7554788589477521,-0.0699806213378924,1
14323,b'3033088',59255,59246.23,59255.23,0,15.107298851013184,15.31583023071289,15.178507804870604,9.0,-0.20853137969970703,0.0712089538574201,1
30340,b'772678',59322,59310.355,59322.4,0,18.01956367492676,18.28815078735352,17.898862838745117,12.044999999998254,-0.2685871124267578,-0.12070083618164418,1
1441,b'1223750',59337,59333.32,59337.27,0,16.085002899169922,16.226043701171875,16.262399673461914,3.9499999999970896,-0.14104080200195312,0.1773967742919922,1
2315,b'1355982',59254,59248.445,59254.4108,0,18.78972625732422,18.803955078125,18.591289520263672,5.965799999998126,-0.01422882080078125,-0.19843673706054688,1
19388,b'3819692',59129,59127.387,59129.43659999999,0,14.23406982421875,14.786294937133787,14.37610149383545,2.0495999999911874,-0.5522251129150373,0.14203166961669922,1
14675,b'3084975',59320,59306.258,59320.265,0,16.263233184814453,16.660114288330078,16.34084701538086,14.006999999997788,-0.396881103515625,0.07761383056640625,1
22487,b'427362',59228,59215.49,59228.662500000006,0,18.727859497070312,19.210006713867188,19.365612030029297,13.172500000007858,-0.482147216796875,0.6377525329589844,0
15865,b'3300044',59324,59314.234,59324.232833333335,0,16.716814041137695,16.91263198852539,16.70999526977539,9.998833333338553,-0.1958179473876953,-0.0068187713623046875,1
3476,b'1543053',59318,59309.188,59318.2475,0,14.231728553771973,14.564423561096191,14.099970817565918,9.05949999999575,-0.33269500732421875,-0.1317577362060547,1
27372,b'4954940',59246,59243.23,59246.23,0,16.442190170288086,16.594802856445312,16.9322509765625,3.0,-0.15261268615722656,0.49006080627441406,0
6058,b'1899806',59221,59215.49,59221.56716666667,0,18.08969497680664,18.650840759277344,18.16693115234375,6.077166666669655,-0.5611457824707031,0.07723617553710938,1
22663,b'4299850',59144,59135.426,59144.4074,0,14.748467445373535,15.053062438964844,14.694165229797363,8.981399999996938,-0.3045949935913086,-0.054302215576171875,1
19033,b'3786444',59170,59158.43,59170.39,0,14.56261157989502,14.7557373046875,14.593996047973633,11.959999999999127,-0.19312572479248047,0.03138446807861328,1
18802,b'375305',59190,59178.176,59190.3426,0,14.12129020690918,14.485111236572266,13.933372497558594,12.16660000000411,-0.36382102966308594,-0.18791770935058594,1
14219,b'3018107',59172,59158.43,59172.39,0,14.271801948547363,14.582170486450195,14.266921043395996,13.959999999999127,-0.31036853790283203,-0.0048809051513671875,1
8079,b'2189751',59136,59132.55,59136.41966666666,0,17.483610153198242,17.484737396240234,17.821285247802734,3.869666666658304,-0.0011272430419921875,0.3376750946044922,0
7902,b'2171781',59139,59129.266,59139.38,0,14.32896614074707,14.607477188110352,14.296501159667969,10.113999999994121,-0.27851104736328125,-0.03246498107910156,1
28996,b'615573',59338,59334.2,59338.27,0,17.47631072998047,17.71009635925293,17.48280906677246,4.069999999999709,-0.23378562927246094,0.0064983367919921875,1
2499,b'1387848',59220,59215.49,59220.63,0,18.207529067993164,18.81737518310547,18.37388610839844,5.139999999999418,-0.6098461151123047,0.166357040405277,1
12802,b'2797844',59131,59127.387,59131.4874,0,13.885125160217283,14.573430061340332,13.800825119018556,4.100399999995716,-0.6883049011230487,-0.08430004119872692,1
2834,b'143502',59246,59243.22,59246.23,0,14.698041915893556,15.014778137207031,14.740410804748535,3.0100000000020373,-0.3167362213134748,0.04236888885497869,1
24592,b'4565986',59170,59161.44,59170.39,0,15.72311019897461,15.925044059753418,15.819233894348145,8.94999999999709,-0.2019338607788086,0.09612369537353516,1
2492,b'1382129',59229,59216.11,59229.23,0,14.209756851196287,14.583020210266112,14.064508438110352,13.12000000000262,-0.3732633590698242,-0.14524841308593572,1
19111,b'3792388',59316,59307.16,59316.41,0,14.168514251708984,14.484064102172852,14.120718002319336,9.25,-0.3155498504638672,-0.04779624938964844,1
2296,b'1351125',59322,59312.383,59322.2564,0,14.425092697143556,14.753732681274414,14.29578685760498,9.873399999996764,-0.3286399841308576,-0.129305839538576,1
13204,b'2852770',59315,59305.285,59315.23666666666,0,13.9143705368042,14.58759307861328,13.888121604919434,9.951666666653182,-0.6732225418090803,-0.026248931884765625,1
19967,b'3903628',58937,58937.387,58937.5252,0,17.430625915527344,18.0107364654541,17.45547103881836,0.13819999999395804,-0.5801105499267578,0.024845123291015625,1
7359,b'2079674',59136,59127.387,59136.41966666666,0,14.292388916015623,14.87220859527588,14.245176315307615,9.03266666665877,-0.5798196792602575,-0.04721260070800781,1
20367,b'3960701',58975,58968.297,58975.42,0,17.167163848876953,17.84293556213379,17.191364288330078,7.1229999999995925,-0.6757717132568359,0.024200439453125,1
17892,b'3634380',58975,58975.42,58975.420000000006,0,20.27758407592773,20.95912170410156,20.274572372436523,7.275957614183426e-12,-0.6815376281738281,-0.003011703491207385,1
1962,b'1298802',59363,59353.355,59363.31,0,14.911983489990234,15.119300842285156,15.048951148986816,9.95499999999447,-0.20731735229492188,0.13696765899658203,1
24952,b'4621611',59254,59248.445,59254.4108,0,18.387184143066406,18.62567901611328,18.387954711914062,5.965799999998126,-0.238494873046875,0.00077056884765625,1
16980,b'3488137',59404,59401.21,59404.29,0,20.540306091308597,20.65326690673828,20.47281837463379,3.0800000000017462,-0.11296081542968395,-0.06748771667480824,1
13161,b'2850812',59228,59215.49,59228.662500000006,0,19.01325798034668,19.4453239440918,19.40347671508789,13.172500000007858,-0.43206596374512074,0.39021873474121094,1
3975,b'1603317',59317,59304.156,59317.230200000005,0,17.339313507080078,17.63235855102539,18.08847427368164,13.074200000002747,-0.2930450439453125,0.7491607666015625,0
20896,b'4047410',59321,59311.18,59321.25,0,14.395086288452148,14.658087730407717,14.337977409362791,10.069999999999709,-0.2630014419555682,-0.057108879089357245,1
29675,b'689297',59189,59183.39,59189.37,0,15.366135597229004,15.65118408203125,15.223416328430176,5.980000000003201,-0.2850484848022461,-0.14271926879882812,1
14800,b'3112233',59200,59192.37,59200.31,0,15.52457332611084,15.752750396728516,15.493656158447266,7.939999999995052,-0.22817707061767578,-0.03091716766357422,1
7349,b'2077096',59226,59215.49,59226.63,0,18.782350540161133,19.25684356689453,19.48531913757324,11.139999999999418,-0.47449302673339844,0.7029685974121058,0
20990,b'4060706',59166,59160.44,59166.4,0,15.246649742126465,15.52621364593506,15.23003101348877,5.959999999999127,-0.2795639038085955,-0.016618728637695312,1
1247,b'1197467',59312,59305.285,59312.38,0,14.014986991882324,14.565815925598145,13.985713958740234,7.094999999993888,-0.5508289337158203,-0.029273033142089844,1
31070,b'877786',59230,59215.49,59230.1705,0,18.62104797363281,18.9314079284668,19.45982551574707,14.680500000002212,-0.3103599548339915,0.8387775421142614,0
24829,b'4604919',59230,59221.62,59230.1705,0,18.58607482910156,18.80463409423828,18.59612846374512,8.550499999997555,-0.2185592651367223,0.010053634643561793,1
168,b'1027263',59321,59318.25,59321.25,0,17.832172393798828,18.071250915527344,17.73664093017578,3.0,-0.23907852172851562,-0.09553146362304688,1
21805,b'4177992',59312,59305.285,59312.38,0,13.857376098632812,14.58925724029541,13.793529510498049,7.094999999993888,-0.7318811416625977,-0.06384658813476385,1
27255,b'4937786',59318,59305.285,59318.2475,0,15.19064998626709,15.361742973327637,15.86600112915039,12.96249999999418,-0.17109298706054688,0.6753511428833008,0
11383,b'2643617',59345,59344.27,59345.2365,0,17.441938400268555,17.419876098632812,18.841182708740234,0.9665000000022701,0.022062301635742188,1.3992443084716797,3
22373,b'4263122',59364,59351.32,59364.26,0,14.78281021118164,14.921187400817873,15.078279495239258,12.940000000002328,-0.13837718963623225,0.2954692840576172,1
3763,b'1579393',59318,59317.18,59318.2475,0,18.34012031555176,18.421127319335938,17.974924087524414,1.0674999999973807,-0.08100700378417613,-0.3651962280273473,1
22077,b'4224521',59338,59335.41,59338.27,0,19.17896270751953,19.141170501708984,19.75316619873047,2.859999999993306,0.037792205810546875,0.5742034912109375,0
27361,b'4951577',59190,59176.258,59190.3426,0,14.237451553344728,14.640249252319336,14.143579483032228,14.084600000001956,-0.4027976989746076,-0.0938720703125,1
11254,b'2626576',59228,59215.49,59228.662500000006,0,18.22501373291016,18.68705177307129,18.222923278808597,13.172500000007858,-0.46203804016112926,-0.0020904541015625,1
5921,b'188220',59184,59182.36,59184.244666666666,0,15.749980926513672,15.964312553405762,15.787054061889648,1.884666666664998,-0.21433162689208984,0.03707313537597656,1
22338,b'425651',59131,59127.387,59131.4874,0,16.149765014648438,16.299957275390625,16.25727081298828,4.100399999995716,-0.1501922607421875,0.10750579833984375,1
17280,b'3533156',59183,59172.39,59183.39,0,14.66024398803711,14.88681411743164,14.701558113098145,11.0,-0.22657012939453125,0.041314125061035156,1
17282,b'3533156',59185,59172.39,59185.23,0,14.464941024780272,14.721545219421388,14.484027862548828,12.840000000003783,-0.25660419464111683,0.019086837768556464,1
5674,b'1861959',59142,59131.5,59142.3412,0,14.85194206237793,15.013714790344238,14.990989685058594,10.841200000002573,-0.1617727279663086,0.13904762268066406,1
17805,b'3628347',59235,59235.47,59235.47,0,19.730772018432617,19.975419998168945,19.58945846557617,0.0,-0.24464797973632812,-0.14131355285644887,1
22049,b'4215723',59145,59138.4,59145.37,0,15.213438034057615,15.44562816619873,15.15860080718994,6.970000000001164,-0.23219013214111506,-0.05483722686767578,1
23811,b'442840',59317,59304.156,59317.230200000005,0,16.629396438598633,17.20703887939453,16.778566360473633,13.074200000002747,-0.5776424407958984,0.149169921875,1
29166,b'634196',59337,59331.29,59337.27,0,15.204166412353516,15.457372665405272,15.368313789367676,5.9799999999959255,-0.25320625305175604,0.16414737701416016,1
22877,b'4326102',59315,59309.188,59315.23666666666,0,14.89488124847412,15.216273307800291,14.7901611328125,6.0486666666547535,-0.3213920593261719,-0.10472011566161932,1
29680,b'689297',59194,59183.39,59194.3325,0,14.397067070007324,14.74285888671875,14.236945152282717,10.94249999999738,-0.3457918167114258,-0.1601219177246076,1
23812,b'442840',59318,59304.156,59318.2475,0,16.667966842651367,17.170625686645508,16.87198829650879,14.091499999994994,-0.5026588439941406,0.20402145385742188,1
27889,b'5016159',59132,59127.387,59132.55,0,14.47654628753662,15.106754302978516,14.733519554138184,5.163000000000466,-0.6302080154418963,0.2569732666015643,1
13818,b'2958681',59144,59135.426,59144.4074,0,15.112165451049805,15.33167839050293,15.16175365447998,8.981399999996938,-0.219512939453125,0.04958820343017578,1
896,b'1142857',59221,59215.49,59221.56716666667,0,18.20834350585937,18.739221572875977,18.24148178100586,6.077166666669655,-0.5308780670166051,0.03313827514648793,1
8041,b'2188629',59332,59318.24,59332.3,0,14.21908187866211,14.60349178314209,14.17573070526123,14.060000000004948,-0.38440990447998047,-0.043351173400878906,1
27745,b'5000680',59222,59215.49,59222.58,0,18.53511619567871,18.953893661499023,18.419092178344727,7.0900000000037835,-0.4187774658203125,-0.11602401733398438,1
7016,b'2029372',59315,59305.285,59315.23666666666,0,14.185572624206545,14.696578025817873,14.127059936523438,9.951666666653182,-0.5110054016113281,-0.058512687683107245,1
29565,b'681120',59230,59220.63,59230.1705,0,18.60242080688477,18.631311416625977,18.772979736328125,9.540500000002794,-0.028890609741207385,0.17055892944335582,1
18821,b'3753662',59134,59127.387,59134.10966666666,0,14.5709810256958,15.161751747131348,14.645615577697754,6.722666666661098,-0.5907707214355469,0.07463455200195312,1
18010,b'3648855',59337,59331.29,59337.27,0,16.931947708129883,17.10870933532715,16.96527671813965,5.9799999999959255,-0.17676162719726562,0.033329010009765625,1
28190,b'5062114',59136,59127.387,59136.41966666666,0,14.58931827545166,14.864072799682615,14.594390869140623,9.03266666665877,-0.27475452423095525,0.005072593688963067,1
22340,b'425651',59134,59127.387,59134.10966666666,0,15.384666442871094,15.56910514831543,15.502496719360352,6.722666666661098,-0.18443870544433594,0.11783027648925781,1
25115,b'4650719',59132,59127.387,59132.55,0,13.77474308013916,14.49332046508789,13.71737289428711,5.163000000000466,-0.7185773849487305,-0.05737018585205078,1
7076,b'2037403',59359,59353.35,59359.29,0,17.428274154663086,17.57731819152832,17.595443725585938,5.940000000002328,-0.14904403686523438,0.16716957092285156,1
16810,b'3461774',59252,59248.133,59252.2152,0,15.938926696777344,16.194778442382812,15.84211540222168,4.082199999997101,-0.25585174560546875,-0.09681129455566406,1
28111,b'5050345',59160,59156.47,59160.44,0,16.39858627319336,16.52859115600586,16.566932678222656,3.970000000001164,-0.1300048828125,0.16834640502929688,1
22879,b'4326102',59317,59309.188,59317.230200000005,0,14.542170524597168,14.868325233459473,14.388670921325684,8.042200000003504,-0.3261547088623047,-0.15349960327148438,1
23537,b'4401067',59342,59328.188,59342.26,0,16.35763931274414,16.841325759887695,16.31210708618164,14.072000000000116,-0.4836864471435547,-0.0455322265625,1
30556,b'811506',59337,59327.25,59337.27,0,14.154685974121094,14.481220245361328,13.987895965576172,10.019999999996799,-0.3265342712402344,-0.16679000854492188,1
895,b'1142857',59220,59215.49,59220.63,0,18.193748474121094,18.697654724121094,18.25246810913086,5.139999999999418,-0.50390625,0.058719635009765625,1
3243,b'1507914',59354,59341.203,59354.328,0,16.647375106811523,16.987834930419922,16.81018829345703,13.125,-0.34045982360839844,0.1628131866455078,1
16693,b'343943',59140,59127.387,59140.35716666668,0,13.864217758178713,14.60671329498291,13.80043601989746,12.970166666680598,-0.7424955368041974,-0.06378173828125355,1
14486,b'3055289',59317,59305.29,59317.230200000005,0,14.32868194580078,14.93786334991455,14.59424877166748,11.940200000004552,-0.6091814041137713,0.265566825866701,1
23155,b'43512',58975,58968.297,58975.42,0,17.029090881347656,17.652629852294922,17.166156768798828,7.1229999999995925,-0.6235389709472656,0.13706588745117188,1
27013,b'4917511',59229,59222.26,59229.23,0,15.591717720031738,15.805596351623535,15.84268569946289,6.970000000001164,-0.21387863159179688,0.25096797943115234,1
14407,b'3044688',59359,59355.195,59359.29,0,17.35382080078125,17.580821990966797,17.38117027282715,4.095000000001164,-0.22700119018554688,0.027349472045898438,1
3765,b'1579393',59320,59317.18,59320.265,0,16.456329345703125,16.745927810668945,16.301610946655273,3.084999999999127,-0.2895984649658203,-0.15471839904785156,1
30966,b'85090',59313,59311.18,59313.3362,0,16.182985305786133,16.423139572143555,16.15123176574707,2.156199999997625,-0.24015426635742188,-0.0317535400390625,1
15599,b'3270405',59348,59347.26,59348.2666,0,17.27529525756836,17.495052337646484,17.13688850402832,1.006600000000617,-0.219757080078125,-0.13840675354003906,1
14357,b'3040912',59316,59314.29,59316.41,0,19.3674430847168,18.82027816772461,19.04425430297852,2.1200000000026193,0.547164916992191,-0.32318878173828125,2
29172,b'634196',59346,59331.29,59346.28,0,14.173369407653809,14.653868675231934,14.297818183898926,14.989999999997963,-0.480499267578125,0.12444877624511719,1
19344,b'3817913',59338,59327.25,59338.27,0,14.444117546081545,14.716086387634276,14.380779266357422,11.019999999996799,-0.2719688415527308,-0.06333827972412287,1
11825,b'2703848',59316,59305.285,59316.41,0,14.875133514404297,15.212841033935549,15.37600040435791,11.125,-0.3377075195312518,0.5008668899536133,0
3369,b'1524518',59355,59345.188,59355.31,0,14.661092758178713,14.99244499206543,14.59117031097412,10.12199999999575,-0.331352233886717,-0.0699224472045934,1
11096,b'2604135',59172,59169.246,59172.39,0,16.502103805541992,16.70139503479004,16.591094970703125,3.144000000000233,-0.19929122924804688,0.08899116516113281,1
23582,b'4408245',59317,59304.156,59317.230200000005,0,16.999637603759766,17.27865219116211,17.746036529541016,13.074200000002747,-0.27901458740234375,0.74639892578125,0
18636,b'3731159',59318,59304.156,59318.2475,0,16.92177963256836,17.45782470703125,17.37833595275879,14.091499999994994,-0.5360450744628906,0.4565563201904297,1
25913,b'4769878',59334,59327.25,59334.32833333333,0,15.522504806518556,15.746966361999512,15.573140144348145,7.078333333331102,-0.22446155548095525,0.05063533782958807,1
662,b'1096406',59131,59127.387,59131.4874,0,14.433500289916992,14.74116325378418,14.396437644958496,4.100399999995716,-0.3076629638671875,-0.037062644958496094,1
18510,b'3714100',58937,58937.387,58937.5252,0,17.281307220458984,17.510101318359375,17.14354133605957,0.13819999999395804,-0.22879409790039062,-0.13776588439941406,1
20574,b'3993455',58975,58968.297,58975.42,0,17.558805465698242,18.25238609313965,17.70333480834961,7.1229999999995925,-0.6935806274414062,0.1445293426513672,1
8227,b'2205683',59319,59311.176,59319.24583333333,0,16.881092071533203,17.102018356323242,16.94366455078125,8.069833333327551,-0.22092628479003906,0.06257247924804688,1
16255,b'3373896',59357,59348.25,59357.31,0,17.345918655395508,17.404644012451172,17.586551666259766,9.059999999997672,-0.05872535705566406,0.2406330108642578,1
6638,b'1969558',59320,59306.258,59320.265,0,16.24422836303711,16.67875862121582,16.305025100708008,14.006999999997788,-0.43453025817871094,0.06079673767089844,1
12343,b'2757918',59333,59327.25,59333.32,0,14.945165634155272,15.232172966003418,14.877968788146973,6.069999999999709,-0.2870073318481463,-0.067196846008299,1
27517,b'4975057',59343,59331.29,59343.2434,0,14.33204746246338,14.633625984191896,14.248446464538574,11.95339999999851,-0.3015785217285156,-0.08360099792480646,1
2690,b'1422673',59321,59315.2,59321.25,0,17.473854064941406,17.583236694335938,17.67799186706543,6.05000000000291,-0.10938262939453125,0.20413780212402344,1
27252,b'4937786',59315,59305.285,59315.23666666666,0,15.11496353149414,15.483787536621094,15.556231498718262,9.951666666653182,-0.3688240051269531,0.4412679672241211,0
28182,b'5060794',58975,58975.42,58975.420000000006,0,19.83318901062012,20.137466430664062,19.711435317993164,7.275957614183426e-12,-0.30427742004394176,-0.12175369262695668,1
26866,b'4896930',59314,59305.285,59314.29,0,14.449935913085938,15.242453575134276,14.404305458068848,9.00499999999738,-0.7925176620483381,-0.045630455017089844,1
3124,b'149129',59172,59172.39,59172.39,0,19.832199096679688,19.358448028564453,19.2064208984375,0.0,0.4737510681152344,-0.6257781982421875,2
3059,b'1478576',59316,59305.285,59316.41,0,15.018844604492188,15.382728576660156,15.565018653869627,11.125,-0.36388397216796875,0.5461740493774396,0
17791,b'3623107',59377,59367.27,59377.27,0,16.66819953918457,16.747760772705078,16.815509796142578,10.0,-0.07956123352050781,0.1473102569580078,1
24960,b'4622131',59321,59307.16,59321.25,0,14.151841163635254,14.714914321899414,14.124899864196776,14.089999999996508,-0.5630731582641602,-0.02694129943847834,1
13816,b'2958681',59142,59135.426,59142.3412,0,15.560840606689451,15.751986503601074,15.64877986907959,6.915200000003097,-0.19114589691162287,0.0879392623901385,1
7178,b'2050797',59246,59243.22,59246.23,0,14.056668281555176,14.384504318237305,13.89647388458252,3.0100000000020373,-0.3278360366821289,-0.16019439697265625,1
3594,b'1559382',59315,59305.285,59315.23666666666,0,13.842657089233398,14.313164710998535,13.68061637878418,9.951666666653182,-0.4705076217651367,-0.16204071044921875,1
27569,b'497723',59354,59342.26,59354.328,0,16.295677185058594,16.557933807373047,16.295015335083008,12.067999999999302,-0.2622566223144531,-0.0006618499755859375,1
30779,b'829176',59348,59342.26,59348.2666,0,15.277603149414062,15.508055686950684,15.398677825927734,6.006600000000617,-0.2304525375366211,0.12107467651367188,1
10247,b'2479635',58985,58980.25,58985.26,0,21.455366134643555,20.880882263183597,21.321346282958984,5.010000000002037,0.5744838714599574,-0.1340198516845703,2
11028,b'2596863',59221,59219.44,59221.56716666667,0,19.915512084960938,20.082332611083984,20.03826141357422,2.127166666665289,-0.16682052612304688,0.12274932861328125,1
4838,b'1742438',59231,59219.445,59231.473,0,18.18343734741211,18.472064971923828,18.215591430664062,12.027999999998428,-0.28862762451171875,0.032154083251953125,1
29562,b'681120',59222,59220.63,59222.58,0,20.286842346191406,20.128173828125,20.30111312866211,1.9500000000043656,0.15866851806640625,0.014270782470703125,1
